-- Seed Data: ASEAN Tourism Recovery & Resilience
-- This script populates the database schema with historical and forecast dataset.

-- 1. Insert countries table records
INSERT INTO countries (country_id, country_name, resilience_tier) VALUES (1, 'ASEAN', 'Medium');
INSERT INTO countries (country_id, country_name, resilience_tier) VALUES (2, 'Brunei Darussalam', 'Low');
INSERT INTO countries (country_id, country_name, resilience_tier) VALUES (3, 'Cambodia', 'Moderate');
INSERT INTO countries (country_id, country_name, resilience_tier) VALUES (4, 'Indonesia', 'Medium');
INSERT INTO countries (country_id, country_name, resilience_tier) VALUES (5, 'Lao PDR', 'Medium');
INSERT INTO countries (country_id, country_name, resilience_tier) VALUES (6, 'Malaysia', 'High');
INSERT INTO countries (country_id, country_name, resilience_tier) VALUES (7, 'Myanmar', 'Low');
INSERT INTO countries (country_id, country_name, resilience_tier) VALUES (8, 'Philippines', 'Moderate');
INSERT INTO countries (country_id, country_name, resilience_tier) VALUES (9, 'Singapore', 'Moderate');
INSERT INTO countries (country_id, country_name, resilience_tier) VALUES (10, 'Thailand', 'Moderate');
INSERT INTO countries (country_id, country_name, resilience_tier) VALUES (11, 'Timor-Leste', 'Moderate');
INSERT INTO countries (country_id, country_name, resilience_tier) VALUES (12, 'Viet Nam', 'Medium');

-- 2. Insert historical_arrivals table records
INSERT INTO historical_arrivals (country_id, year, arrivals_count, is_forecast) VALUES (1, 2019, 147796972, FALSE);
INSERT INTO historical_arrivals (country_id, year, arrivals_count, is_forecast) VALUES (1, 2020, 27184224, FALSE);
INSERT INTO historical_arrivals (country_id, year, arrivals_count, is_forecast) VALUES (1, 2021, 3060897, FALSE);
INSERT INTO historical_arrivals (country_id, year, arrivals_count, is_forecast) VALUES (1, 2022, 44206300, FALSE);
INSERT INTO historical_arrivals (country_id, year, arrivals_count, is_forecast) VALUES (1, 2023, 104132183, FALSE);
INSERT INTO historical_arrivals (country_id, year, arrivals_count, is_forecast) VALUES (1, 2024, 140576987, FALSE);
INSERT INTO historical_arrivals (country_id, year, arrivals_count, is_forecast) VALUES (1, 2025, 147044420, FALSE);
INSERT INTO historical_arrivals (country_id, year, arrivals_count, is_forecast) VALUES (1, 2026, 164389523, TRUE);
INSERT INTO historical_arrivals (country_id, year, arrivals_count, is_forecast) VALUES (1, 2027, 169966517, TRUE);
INSERT INTO historical_arrivals (country_id, year, arrivals_count, is_forecast) VALUES (2, 2019, 4449028, FALSE);
INSERT INTO historical_arrivals (country_id, year, arrivals_count, is_forecast) VALUES (2, 2020, 1070614, FALSE);
INSERT INTO historical_arrivals (country_id, year, arrivals_count, is_forecast) VALUES (2, 2021, 110391, FALSE);
INSERT INTO historical_arrivals (country_id, year, arrivals_count, is_forecast) VALUES (2, 2022, 664259, FALSE);
INSERT INTO historical_arrivals (country_id, year, arrivals_count, is_forecast) VALUES (2, 2023, 2267960, FALSE);
INSERT INTO historical_arrivals (country_id, year, arrivals_count, is_forecast) VALUES (2, 2024, 678037, FALSE);
INSERT INTO historical_arrivals (country_id, year, arrivals_count, is_forecast) VALUES (2, 2025, 741050, FALSE);
INSERT INTO historical_arrivals (country_id, year, arrivals_count, is_forecast) VALUES (2, 2026, 1274868, TRUE);
INSERT INTO historical_arrivals (country_id, year, arrivals_count, is_forecast) VALUES (2, 2027, 1402377, TRUE);
INSERT INTO historical_arrivals (country_id, year, arrivals_count, is_forecast) VALUES (3, 2019, 6610592, FALSE);
INSERT INTO historical_arrivals (country_id, year, arrivals_count, is_forecast) VALUES (3, 2020, 1306143, FALSE);
INSERT INTO historical_arrivals (country_id, year, arrivals_count, is_forecast) VALUES (3, 2021, 196495, FALSE);
INSERT INTO historical_arrivals (country_id, year, arrivals_count, is_forecast) VALUES (3, 2022, 2276626, FALSE);
INSERT INTO historical_arrivals (country_id, year, arrivals_count, is_forecast) VALUES (3, 2023, 5453231, FALSE);
INSERT INTO historical_arrivals (country_id, year, arrivals_count, is_forecast) VALUES (3, 2024, 6700125, FALSE);
INSERT INTO historical_arrivals (country_id, year, arrivals_count, is_forecast) VALUES (3, 2025, 5569752, FALSE);
INSERT INTO historical_arrivals (country_id, year, arrivals_count, is_forecast) VALUES (3, 2026, 7204489, TRUE);
INSERT INTO historical_arrivals (country_id, year, arrivals_count, is_forecast) VALUES (3, 2027, 7602180, TRUE);
INSERT INTO historical_arrivals (country_id, year, arrivals_count, is_forecast) VALUES (4, 2019, 16106954, FALSE);
INSERT INTO historical_arrivals (country_id, year, arrivals_count, is_forecast) VALUES (4, 2020, 4052923, FALSE);
INSERT INTO historical_arrivals (country_id, year, arrivals_count, is_forecast) VALUES (4, 2021, 1557530, FALSE);
INSERT INTO historical_arrivals (country_id, year, arrivals_count, is_forecast) VALUES (4, 2022, 5889031, FALSE);
INSERT INTO historical_arrivals (country_id, year, arrivals_count, is_forecast) VALUES (4, 2023, 11677825, FALSE);
INSERT INTO historical_arrivals (country_id, year, arrivals_count, is_forecast) VALUES (4, 2024, 14347813, FALSE);
INSERT INTO historical_arrivals (country_id, year, arrivals_count, is_forecast) VALUES (4, 2025, 15386646, FALSE);
INSERT INTO historical_arrivals (country_id, year, arrivals_count, is_forecast) VALUES (4, 2026, 17456929, TRUE);
INSERT INTO historical_arrivals (country_id, year, arrivals_count, is_forecast) VALUES (4, 2027, 18522997, TRUE);
INSERT INTO historical_arrivals (country_id, year, arrivals_count, is_forecast) VALUES (5, 2019, 4791065, FALSE);
INSERT INTO historical_arrivals (country_id, year, arrivals_count, is_forecast) VALUES (5, 2020, 886447, FALSE);
INSERT INTO historical_arrivals (country_id, year, arrivals_count, is_forecast) VALUES (5, 2022, 1294365, FALSE);
INSERT INTO historical_arrivals (country_id, year, arrivals_count, is_forecast) VALUES (5, 2023, 3417629, FALSE);
INSERT INTO historical_arrivals (country_id, year, arrivals_count, is_forecast) VALUES (5, 2024, 4120832, FALSE);
INSERT INTO historical_arrivals (country_id, year, arrivals_count, is_forecast) VALUES (5, 2025, 4580709, FALSE);
INSERT INTO historical_arrivals (country_id, year, arrivals_count, is_forecast) VALUES (5, 2026, 5151928, TRUE);
INSERT INTO historical_arrivals (country_id, year, arrivals_count, is_forecast) VALUES (5, 2027, 5468795, TRUE);
INSERT INTO historical_arrivals (country_id, year, arrivals_count, is_forecast) VALUES (6, 2019, 26100784, FALSE);
INSERT INTO historical_arrivals (country_id, year, arrivals_count, is_forecast) VALUES (6, 2020, 4332722, FALSE);
INSERT INTO historical_arrivals (country_id, year, arrivals_count, is_forecast) VALUES (6, 2021, 134728, FALSE);
INSERT INTO historical_arrivals (country_id, year, arrivals_count, is_forecast) VALUES (6, 2022, 10070964, FALSE);
INSERT INTO historical_arrivals (country_id, year, arrivals_count, is_forecast) VALUES (6, 2023, 20141846, FALSE);
INSERT INTO historical_arrivals (country_id, year, arrivals_count, is_forecast) VALUES (6, 2024, 37961485, FALSE);
INSERT INTO historical_arrivals (country_id, year, arrivals_count, is_forecast) VALUES (6, 2025, 42196892, FALSE);
INSERT INTO historical_arrivals (country_id, year, arrivals_count, is_forecast) VALUES (6, 2026, 30015901, TRUE);
INSERT INTO historical_arrivals (country_id, year, arrivals_count, is_forecast) VALUES (6, 2027, 30015901, TRUE);
INSERT INTO historical_arrivals (country_id, year, arrivals_count, is_forecast) VALUES (7, 2019, 4364101, FALSE);
INSERT INTO historical_arrivals (country_id, year, arrivals_count, is_forecast) VALUES (7, 2020, 903343, FALSE);
INSERT INTO historical_arrivals (country_id, year, arrivals_count, is_forecast) VALUES (7, 2021, 130947, FALSE);
INSERT INTO historical_arrivals (country_id, year, arrivals_count, is_forecast) VALUES (7, 2022, 233487, FALSE);
INSERT INTO historical_arrivals (country_id, year, arrivals_count, is_forecast) VALUES (7, 2023, 1284731, FALSE);
INSERT INTO historical_arrivals (country_id, year, arrivals_count, is_forecast) VALUES (7, 2024, 1063072, FALSE);
INSERT INTO historical_arrivals (country_id, year, arrivals_count, is_forecast) VALUES (7, 2025, 973263, FALSE);
INSERT INTO historical_arrivals (country_id, year, arrivals_count, is_forecast) VALUES (7, 2026, 1491365, TRUE);
INSERT INTO historical_arrivals (country_id, year, arrivals_count, is_forecast) VALUES (7, 2027, 1742786, TRUE);
INSERT INTO historical_arrivals (country_id, year, arrivals_count, is_forecast) VALUES (8, 2019, 8260913, FALSE);
INSERT INTO historical_arrivals (country_id, year, arrivals_count, is_forecast) VALUES (8, 2020, 1482535, FALSE);
INSERT INTO historical_arrivals (country_id, year, arrivals_count, is_forecast) VALUES (8, 2021, 163879, FALSE);
INSERT INTO historical_arrivals (country_id, year, arrivals_count, is_forecast) VALUES (8, 2022, 2653858, FALSE);
INSERT INTO historical_arrivals (country_id, year, arrivals_count, is_forecast) VALUES (8, 2023, 5450557, FALSE);
INSERT INTO historical_arrivals (country_id, year, arrivals_count, is_forecast) VALUES (8, 2024, 5949350, FALSE);
INSERT INTO historical_arrivals (country_id, year, arrivals_count, is_forecast) VALUES (8, 2025, 6484060, FALSE);
INSERT INTO historical_arrivals (country_id, year, arrivals_count, is_forecast) VALUES (8, 2026, 8458968, TRUE);
INSERT INTO historical_arrivals (country_id, year, arrivals_count, is_forecast) VALUES (8, 2027, 8937043, TRUE);
INSERT INTO historical_arrivals (country_id, year, arrivals_count, is_forecast) VALUES (9, 2019, 19113842, FALSE);
INSERT INTO historical_arrivals (country_id, year, arrivals_count, is_forecast) VALUES (9, 2020, 2742443, FALSE);
INSERT INTO historical_arrivals (country_id, year, arrivals_count, is_forecast) VALUES (9, 2021, 330059, FALSE);
INSERT INTO historical_arrivals (country_id, year, arrivals_count, is_forecast) VALUES (9, 2022, 6305744, FALSE);
INSERT INTO historical_arrivals (country_id, year, arrivals_count, is_forecast) VALUES (9, 2023, 13610404, FALSE);
INSERT INTO historical_arrivals (country_id, year, arrivals_count, is_forecast) VALUES (9, 2024, 16529942, FALSE);
INSERT INTO historical_arrivals (country_id, year, arrivals_count, is_forecast) VALUES (9, 2025, 16910000, FALSE);
INSERT INTO historical_arrivals (country_id, year, arrivals_count, is_forecast) VALUES (9, 2026, 20505425, TRUE);
INSERT INTO historical_arrivals (country_id, year, arrivals_count, is_forecast) VALUES (9, 2027, 21806947, TRUE);
INSERT INTO historical_arrivals (country_id, year, arrivals_count, is_forecast) VALUES (10, 2019, 39916251, FALSE);
INSERT INTO historical_arrivals (country_id, year, arrivals_count, is_forecast) VALUES (10, 2020, 6702396, FALSE);
INSERT INTO historical_arrivals (country_id, year, arrivals_count, is_forecast) VALUES (10, 2021, 427869, FALSE);
INSERT INTO historical_arrivals (country_id, year, arrivals_count, is_forecast) VALUES (10, 2022, 11153026, FALSE);
INSERT INTO historical_arrivals (country_id, year, arrivals_count, is_forecast) VALUES (10, 2023, 28150016, FALSE);
INSERT INTO historical_arrivals (country_id, year, arrivals_count, is_forecast) VALUES (10, 2024, 35545713, FALSE);
INSERT INTO historical_arrivals (country_id, year, arrivals_count, is_forecast) VALUES (10, 2025, 32974321, FALSE);
INSERT INTO historical_arrivals (country_id, year, arrivals_count, is_forecast) VALUES (10, 2026, 42490135, TRUE);
INSERT INTO historical_arrivals (country_id, year, arrivals_count, is_forecast) VALUES (10, 2027, 45174703, TRUE);
INSERT INTO historical_arrivals (country_id, year, arrivals_count, is_forecast) VALUES (11, 2019, 74851, FALSE);
INSERT INTO historical_arrivals (country_id, year, arrivals_count, is_forecast) VALUES (11, 2020, 17879, FALSE);
INSERT INTO historical_arrivals (country_id, year, arrivals_count, is_forecast) VALUES (11, 2021, 5499, FALSE);
INSERT INTO historical_arrivals (country_id, year, arrivals_count, is_forecast) VALUES (11, 2022, 3718, FALSE);
INSERT INTO historical_arrivals (country_id, year, arrivals_count, is_forecast) VALUES (11, 2023, 75550, FALSE);
INSERT INTO historical_arrivals (country_id, year, arrivals_count, is_forecast) VALUES (11, 2024, 96718, FALSE);
INSERT INTO historical_arrivals (country_id, year, arrivals_count, is_forecast) VALUES (11, 2025, 59436, FALSE);
INSERT INTO historical_arrivals (country_id, year, arrivals_count, is_forecast) VALUES (11, 2026, 84929, TRUE);
INSERT INTO historical_arrivals (country_id, year, arrivals_count, is_forecast) VALUES (11, 2027, 86078, TRUE);
INSERT INTO historical_arrivals (country_id, year, arrivals_count, is_forecast) VALUES (12, 2019, 18008591, FALSE);
INSERT INTO historical_arrivals (country_id, year, arrivals_count, is_forecast) VALUES (12, 2020, 3686779, FALSE);
INSERT INTO historical_arrivals (country_id, year, arrivals_count, is_forecast) VALUES (12, 2021, 3500, FALSE);
INSERT INTO historical_arrivals (country_id, year, arrivals_count, is_forecast) VALUES (12, 2022, 3661222, FALSE);
INSERT INTO historical_arrivals (country_id, year, arrivals_count, is_forecast) VALUES (12, 2023, 12602434, FALSE);
INSERT INTO historical_arrivals (country_id, year, arrivals_count, is_forecast) VALUES (12, 2024, 17583900, FALSE);
INSERT INTO historical_arrivals (country_id, year, arrivals_count, is_forecast) VALUES (12, 2025, 21168291, FALSE);
INSERT INTO historical_arrivals (country_id, year, arrivals_count, is_forecast) VALUES (12, 2026, 20709879, TRUE);
INSERT INTO historical_arrivals (country_id, year, arrivals_count, is_forecast) VALUES (12, 2027, 20709879, TRUE);

-- 3. Insert country_metrics table records
INSERT INTO country_metrics (country_id, drop_severity_pct, drop_retained_pct, recovery_rate_2025_pct, resilience_score) VALUES (1, -97.93, 2.07, 99.49, 101.56);
INSERT INTO country_metrics (country_id, drop_severity_pct, drop_retained_pct, recovery_rate_2025_pct, resilience_score) VALUES (2, -97.52, 2.48, 16.66, 19.14);
INSERT INTO country_metrics (country_id, drop_severity_pct, drop_retained_pct, recovery_rate_2025_pct, resilience_score) VALUES (3, -97.03, 2.97, 84.25, 87.23);
INSERT INTO country_metrics (country_id, drop_severity_pct, drop_retained_pct, recovery_rate_2025_pct, resilience_score) VALUES (4, -90.33, 9.67, 95.53, 105.2);
INSERT INTO country_metrics (country_id, drop_severity_pct, drop_retained_pct, recovery_rate_2025_pct, resilience_score) VALUES (5, -81.5, 18.5, 95.61, 114.11);
INSERT INTO country_metrics (country_id, drop_severity_pct, drop_retained_pct, recovery_rate_2025_pct, resilience_score) VALUES (6, -99.48, 0.52, 161.67, 162.19);
INSERT INTO country_metrics (country_id, drop_severity_pct, drop_retained_pct, recovery_rate_2025_pct, resilience_score) VALUES (7, -97.0, 3.0, 22.3, 25.3);
INSERT INTO country_metrics (country_id, drop_severity_pct, drop_retained_pct, recovery_rate_2025_pct, resilience_score) VALUES (8, -98.02, 1.98, 78.49, 80.47);
INSERT INTO country_metrics (country_id, drop_severity_pct, drop_retained_pct, recovery_rate_2025_pct, resilience_score) VALUES (9, -98.27, 1.73, 88.47, 90.2);
INSERT INTO country_metrics (country_id, drop_severity_pct, drop_retained_pct, recovery_rate_2025_pct, resilience_score) VALUES (10, -98.93, 1.07, 82.61, 83.68);
INSERT INTO country_metrics (country_id, drop_severity_pct, drop_retained_pct, recovery_rate_2025_pct, resilience_score) VALUES (11, -92.65, 7.35, 79.41, 86.75);
INSERT INTO country_metrics (country_id, drop_severity_pct, drop_retained_pct, recovery_rate_2025_pct, resilience_score) VALUES (12, -99.98, 0.02, 117.55, 117.56);